{
  "spo2_A": 150.0,
  "spo2_B": 70.0,

  "spo2_offset": 0.0, 
  "spo2_R_scale": 0.569493121331429,

  "hr_scale": 1.0,
  "hr_bias": -3.328058772900178,
  
  "spo2_points": [
    {
      "R_mean": 0.8920195958687007,
      "SpO2_ref": 97.3
    }
  ],
  "hr_points": [
    {
      "bpm_meas": 67.32805877290017,
      "bpm_ref": 62.0
    }
  ]
}